Workbook

Sheet Outage Log
A1: Contoso Storm & Outage Restoration Tracker
A2: PUBLIC sample data for Microsoft MS-4019 training (MIT licence). Fictional — not real operational data.
A4: Event ID | B4: Date | C4: Operating Company | D4: Service District | E4: Cause | F4: Customers Affected | G4: Crews Dispatched | H4: Est. Restoration (hrs) | I4: Actual Restoration (hrs) | J4: Status
A5: EVT-1001 | B5: 2026-06-15 | C5: Contoso South | D5: Cedar District | E5: Severe Thunderstorm | F5: 18420 | G5: 12 | H5: 8 | I5: 7.5 | J5: Restored
A6: EVT-1002 | B6: 2026-06-15 | C6: Contoso South | D6: Maple District | E6: Vegetation Contact | F6: 6240 | G6: 5 | H6: 6 | I6: 6 | J6: Restored
A7: EVT-1003 | B7: 2026-06-15 | C7: Contoso West | D7: Highland District | E7: Severe Thunderstorm | F7: 9870 | G7: 8 | H7: 10 | I7: 11 | J7: Restored
A8: EVT-1004 | B8: 2026-06-16 | C8: Contoso East | D8: Riverbend District | E8: Equipment Failure | F8: 3110 | G8: 3 | H8: 5 | I8: 4.5 | J8: Restored
A9: EVT-1005 | B9: 2026-06-16 | C9: Contoso North | D9: Summit District | E9: Animal Contact | F9: 740 | G9: 1 | H9: 3 | I9: 2 | J9: Restored
A10: EVT-1006 | B10: 2026-06-16 | C10: Contoso South | D10: Lakeside District | E10: Severe Thunderstorm | F10: 22150 | G10: 15 | H10: 12 | I10: 14 | J10: Restored
A11: EVT-1007 | B11: 2026-06-17 | C11: Contoso West | D11: Prairie District | E11: Vegetation Contact | F11: 4560 | G11: 4 | H11: 6 | I11: 5.5 | J11: Restored
A12: EVT-1008 | B12: 2026-06-17 | C12: Contoso Central | D12: Cedar District | E12: Equipment Failure | F12: 2980 | G12: 3 | H12: 4 | I12: 4 | J12: Restored
A13: EVT-1009 | B13: 2026-06-18 | C13: Contoso East | D13: Brookfield District | E13: Severe Thunderstorm | F13: 7330 | G13: 6 | H13: 9 | I13: 10 | J13: Restored
A14: EVT-1010 | B14: 2026-06-18 | C14: Contoso North | D14: Fairview District | E14: Equipment Failure | F14: 1620 | G14: 2 | H14: 4 | I14: 3.5 | J14: Restored
A15: EVT-1011 | B15: 2026-06-19 | C15: Contoso South | D15: Westgate District | E15: Hurricane Outer Bands | F15: 41200 | G15: 28 | H15: 24 | I15: 26 | J15: Restored
A16: EVT-1012 | B16: 2026-06-19 | C16: Contoso West | D16: Eastpoint District | E16: Hurricane Outer Bands | F16: 15640 | G16: 14 | H16: 18 | I16: 20 | J16: Restored
... A30: EVT-1026 | B30: 2026-06-24 | C30: Contoso West | D30: Eastpoint District | E30: Severe Thunderstorm | F30: 10240 | G30: 9 | H30: 11 | I30: 0 | J30: In Progress
A31: TOTAL / AVG | F31: =SUM(F5:F30) | G31: =SUM(G5:G30) | H31: =AVERAGE(H5:H30) | I31: =AVERAGEIF(I5:I30,">0")
A33: Note: 'Actual Restoration (hrs)' = 0 indicates an event still In Progress (not yet restored).

Sheet Summary
A1: Restoration Summary — Storm Event (June 15–24, 2026)
A2: Auto-calculated from the Outage Log sheet. FICTITIOUS training data.
A4: Key Metrics
A5: Total outage events | D5: =COUNTA('Outage Log'!A5:A30)
A6: Total customers affected | D6: =SUM('Outage Log'!F5:F30)
A7: Largest single event (customers) | D7: =MAX('Outage Log'!F5:F30)
A8: Total crews dispatched | D8: =SUM('Outage Log'!G5:G30)
A9: Avg actual restoration, completed (hrs) | D9: =AVERAGEIF('Outage Log'!I5:I30,">0")
A10: Events still in progress | D10: =COUNTIF('Outage Log'!J5:J30,"In Progress")
A12: By Operating Company
A13: Operating Company | B13: Events | C13: Customers Affected | D13: Avg Actual Restoration (hrs)
A14: Contoso North | B14: =COUNTIF('Outage Log'!C5:C30,A14) | C14: =SUMIF('Outage Log'!C5:C30,A14,'Outage Log'!F5:F30) | D14: =IFERROR(AVERAGEIFS('Outage Log'!I5:I30,'Outage Log'!C5:C30,A14,'Outage Log'!I5:I30,">0"),"-")
A15: Contoso South | B15: =COUNTIF('Outage Log'!C5:C30,A15) | C15: =SUMIF('Outage Log'!C5:C30,A15,'Outage Log'!F5:F30) | D15: =IFERROR(AVERAGEIFS('Outage Log'!I5:I30,'Outage Log'!C5:C30,A15,'Outage Log'!I5:I30,">0"),"-")
A16: Contoso East | B16: =COUNTIF('Outage Log'!C5:C30,A16) | C16: =SUMIF('Outage Log'!C5:C30,A16,'Outage Log'!F5:F30) | D16: =IFERROR(AVERAGEIFS('Outage Log'!I5:I30,'Outage Log'!C5:C30,A16,'Outage Log'!I5:I30,">0"),"-")
A17: Contoso Central | B17: =COUNTIF('Outage Log'!C5:C30,A17) | C17: =SUMIF('Outage Log'!C5:C30,A17,'Outage Log'!F5:F30) | D17: =IFERROR(AVERAGEIFS('Outage Log'!I5:I30,'Outage Log'!C5:C30,A17,'Outage Log'!I5:I30,">0"),"-")
A18: Contoso West | B18: =COUNTIF('Outage Log'!C5:C30,A18) | C18: =SUMIF('Outage Log'!C5:C30,A18,'Outage Log'!F5:F30) | D18: =IFERROR(AVERAGEIFS('Outage Log'!I5:I30,'Outage Log'!C5:C30,A18,'Outage Log'!I5:I30,">0"),"-")
A19: Total | B19: =SUM(B14:B18) | C19: =SUM(C14:C18)
A21: By Cause
A22: Cause | B22: Events | C22: Customers Affected
A23: Severe Thunderstorm | B23: =COUNTIF('Outage Log'!E5:E30,A23) | C23: =SUMIF('Outage Log'!E5:E30,A23,'Outage Log'!F5:F30)
A24: Hurricane Outer Bands | B24: =COUNTIF('Outage Log'!E5:E30,A24) | C24: =SUMIF('Outage Log'!E5:E30,A24,'Outage Log'!F5:F30)
A25: Vegetation Contact | B25: =COUNTIF('Outage Log'!E5:E30,A25) | C25: =SUMIF('Outage Log'!E5:E30,A25,'Outage Log'!F5:F30)
A26: Equipment Failure | B26: =COUNTIF('Outage Log'!E5:E30,A26) | C26: =SUMIF('Outage Log'!E5:E30,A26,'Outage Log'!F5:F30)
A27: Animal Contact | B27: =COUNTIF('Outage Log'!E5:E30,A27) | C27: =SUMIF('Outage Log'!E5:E30,A27,'Outage Log'!F5:F30)
